Price,Area,Locality,Year
8262000,1800 sqft,"BhagyalaxmiNagar,Kavadiguda",2018-2019
10935000,2500 sqft,"Gachibowli,OuterRingRoad",2018-2019
4374000,1477 sqft,Gachibowli,2018-2019
9720000,2160 sqft,"Moosapet,NH",2018-2019
5589000,1580 sqft,RaghavendraColonykondapur,2018-2019
12150000,2600 sqft,"BanjaraDarwaja,GolcondaFort",2018-2019
7776000,1350 sqft,"MohansSaiSignature,Nanakramguda",2018-2019
3159000,1477 sqft,Gowlidoddy,2018-2019
8505000,1700 sqft,"Somajiguda,NH",2018-2019
2673000,1150 sqft,Kapra,2018-2019
4617000,1330 sqft,"TilakNagar,NewNallakunta,NH",2018-2019
7290000,1836 sqft,"Neknampur,Manikonda,OuterRingRoad",2018-2019
4374000,1540 sqft,"MayuriNagar,Miyapur",2018-2019
7290000,1720 sqft,"AccurateWindChimes,Narsingi,OuterRingRoad",2018-2019
7533000,1950 sqft,"HyderNagar,NH",2018-2019
11907000,2075 sqft,"VajrasJasmineCounty,Financialdistrictgucchibowli",2018-2019
9234000,2500 sqft,"TirumalaGardens,BanjaraHills,NH",2018-2019
4374000,1080 sqft,"ParagonVenkatadriApartments,Kachiguda,NH",2018-2019
6318000,1500 sqft,"MeenakshiHomes,Miyapur,NH",2018-2019
6075000,2150 sqft,Papulguda,2018-2019
2916000,1350 sqft,"Bachupally,OuterRingRoad",2018-2019
8262000,1198 sqft,NanakramGuda,2018-2019
9477000,2100 sqft,"L&TSereneCounty,Gachibowli,OuterRingRoad",2018-2019
8991000,1875 sqft,"SMPlaza,ECIL",2018-2019
3159000,1200 sqft,"ChattaBazaar,PatharGatti",2018-2019
8505000,1296 sqft,"LodhaMeridian,KukatpallyHousingBoardColony,NH",2018-2019
10935000,1100 sqft,HitechCity,2018-2019
9234000,2000 sqft,"BanjaraHills,NH",2018-2019
10935000,2020 sqft,"Gachibowli,OuterRingRoad",2018-2019
8505000,1200 sqft,Mehindipatnam,2018-2019
8505000,1640 sqft,"YMCACircle,Narayanguda",2018-2019
8505000,1640 sqft,"YMCACircle,Narayanguda",2018-2019
9720000,1870 sqft,"VajrasJasmineCounty,Gachibowli,OuterRingRoad",2018-2019
6075000,1600 sqft,JubileeHills,2018-2019
6075000,1650 sqft,Kondapur,2018-2019
6561000,1477 sqft,Kondapur,2018-2019
4617000,1260 sqft,Kondapur,2018-2019
8505000,1920 sqft,"GolfView,Gachibowli,OuterRingRoad",2018-2019
4374000,1250 sqft,DevanDevdi,2018-2019
9720000,1818 sqft,"LodhaCasaParadiso,SanathNagar,NH",2018-2019
5832000,2130 sqft,"SrilaParkPride,Kukatpally,NH",2018-2019
8505000,1800 sqft,"GudiMalkapur,Mehdipatnam",2018-2019
7290000,1555 sqft,"Bachupally,OuterRingRoad",2018-2019
5589000,1477 sqft,"BanjaraBaseraApartment,BanjaraHills,NH",2018-2019
3888000,1200 sqft,KPHB,2018-2019
4860000,1600 sqft,"Dullapally,NH",2018-2019
2916000,1296 sqft,"VSRCelestialTowers,Gajularamaram",2018-2019
6804000,2072 sqft,"Jeedimetla,NH",2018-2019
4131000,1460 sqft,"VasanthNagarColony,Nizampet",2018-2019
10935000,1900 sqft,"Nallagandla,Serilingampally",2018-2019
3766500,950 sqft,BrindavanColony-ToliChowki,2018-2019
3888000,1100 sqft,WestMarredpally,2018-2019
4860000,1563 sqft,"PBELCity,Appajunction",2018-2019
8748000,1990 sqft,"AdityaEmpressTowers,Shaikpet",2018-2019
10935000,2051 sqft,"PrestigeIvyLeague,Phase",2018-2019
2381400,1477 sqft,Shri,2018-2019
4860000,1260 sqft,"Upparpally,HyderabadExpressway",2018-2019
3645000,1075 sqft,"Gangaram,Chandanagar,NH",2018-2019
7290000,2100 sqft,"SrinivasNagar,RhodaMistriNagar",2018-2019
8505000,2000 sqft,"VasanthNagarColony,Nizampet",2018-2019
8748000,1600 sqft,Madhapur,2018-2019
3159000,1360 sqft,"Annojiguda,NH",2018-2019
8505000,2025 sqft,"Neknampur,Manikonda,OuterRingRoad",2018-2019
5346000,1860 sqft,"NGRI,Secunderabad",2018-2019
6075000,1500 sqft,"Chandanagar,NH",2018-2019
7290000,1160 sqft,"SamathaNagar,Kukatpally,NH",2018-2019
4252500,1400 sqft,BandlagudaJagir,2018-2019
10692000,1380 sqft,"JainsCarltonCreek,Gachibowli,OuterRingRoad",2018-2019
5832000,1800 sqft,"Kukatpally,NH",2018-2019
10449000,2000 sqft,"AdityaImperialHeights,Hafeezpet,NH",2018-2019
8505000,1800 sqft,"Nallagandla,Serilingampally",2018-2019
6075000,1620 sqft,Gajularamaram,2018-2019
6075000,2200 sqft,"Ramanthapur,NH",2018-2019
7290000,1810 sqft,"ALINDEmployeesColony,Serilingampally",2018-2019
2916000,1510 sqft,"ARKHomes,Bolarum,MedchalRoad",2018-2019
12150000,2800 sqft,"Kokapet,OuterRingRoad",2018-2019
11664000,1908 sqft,"SMRVinayIconia,Kondapur",2018-2019
7290000,1705 sqft,HitechCity,2018-2019
4617000,900 sqft,Papulguda,2018-2019
9234000,1690 sqft,"MyHomeVihanga,Gachibowli,OuterRingRoad",2018-2019
8505000,1600 sqft,"AdityaEmpressTowers,Shaikpet",2018-2019
2430000,800 sqft,Attapur,2018-2019
3402000,1360 sqft,BalajiHillsColony,2018-2019
7047000,1200 sqft,"GreenSpaceHillPark,Manikonda,OuterRingRoad",2018-2019
4131000,1200 sqft,Puppalaguda,2018-2019
3888000,1580 sqft,"GKPride,Yapral",2018-2019
3645000,900 sqft,Mehdipatnam,2018-2019
4131000,1230 sqft,Nizampet,2018-2019
4374000,1050 sqft,"Kavadiguda,NH",2018-2019
2187000,1265 sqft,"Gundlapochampally,OuterRingRoad",2018-2019
3888000,1500 sqft,EastMarredpally,2018-2019
5103000,1400 sqft,"SiliconRidge,Attapur",2018-2019
3159000,1550 sqft,"GksHabitatRoyale,Yapral",2018-2019
4131000,1100 sqft,Attapur,2018-2019
4131000,970 sqft,"GreenSpaceResidency,Gajularamaram",2018-2019
9720000,1650 sqft,"LacasaKApartments,BanjaraHills,NH",2018-2019
7290000,1630 sqft,Gopanapalli,2018-2019
11664000,1738 sqft,Kondapur,2018-2019
9720000,1834 sqft,"MyHomeAvatar,Narsingi,OuterRingRoad",2018-2019
5832000,1477 sqft,"RamkyOneMarvel,Kukatpally,NH",2018-2019
4374000,1250 sqft,"GoldenHeightsColony,Janachaitanyacolony,HyderabadExpressway",2018-2019
7290000,1314 sqft,"MyHomeAvatar,Narsingi,OuterRingRoad",2018-2019
8748000,3250 sqft,"Floatilla,Manikonda,OuterRingRoad",2018-2019
12150000,2200 sqft,"AshokaLiviano,Gachibowli,OuterRingRoad",2018-2019
3645000,1360 sqft,"ModiEmeraldHeights,Pocharam,NH",2018-2019
7290000,1460 sqft,Shamshabad,2018-2019
4374000,1150 sqft,RoyalColony-RamBaghColony,2018-2019
6075000,2000 sqft,"AnjaneyanagarColony,Boduppal",2018-2019
2308500,900 sqft,Bairagiguda,2018-2019
6561000,1600 sqft,WestMarredpally,2018-2019
8748000,1477 sqft,KavuriHills,2018-2019
10935000,1369 sqft,MasabTank,2018-2019
11664000,2580 sqft,Whitefields,2018-2019
10935000,2259 sqft,"LodhaMeridian,KukatpallyHousingBoardColony,NH",2018-2019
7776000,1800 sqft,"Khairatabad,NH",2018-2019
8019000,1314 sqft,"MyHomeAvatar,Myhomeavatar",2018-2019
1944000,890 sqft,Medipally,2018-2019
9720000,1843 sqft,"MyHomeAvatar,Narsingi,OuterRingRoad",2018-2019
6075000,1650 sqft,"OldNallakunta,NewNallakunta",2018-2019
2916000,1200 sqft,"ParamountResidency,Nagaram",2018-2019
4374000,1477 sqft,"Sadbhavana,Ghatkesar,NH",2018-2019
3159000,1100 sqft,"JanapriyaLakefront,Sainikpuri",2018-2019
6075000,2000 sqft,SuchitraCircle,2018-2019
9234000,2540 sqft,"NCCUrbanOne,Narsingi,OuterRingRoad",2018-2019
3888000,1150 sqft,"GandhiNagar,Kavadiguda,NH",2018-2019
2551500,1250 sqft,"Beeramguda,RamachandraPuram,NH",2018-2019
9720000,2200 sqft,GachibowliPhase,2018-2019
4617000,1120 sqft,"BasheerBagh,NH",2018-2019
4860000,1608 sqft,"Manchirevula,OuterRingRoad",2018-2019
4860000,2000 sqft,OsmanNagar,2018-2019
6318000,1200 sqft,"Ameerpet,NH",2018-2019
4860000,1000 sqft,BandariLayout,2018-2019
4495500,1100 sqft,"AlHasnathColony,ToliChowki",2018-2019
8505000,950 sqft,Shaikpet,2018-2019
9720000,1900 sqft,"NCLSindhu,DandamudiEnclave,Jeedimetla",2018-2019
7290000,2045 sqft,Shaikpet,2018-2019
9720000,1800 sqft,"Nallagandla,Serilingampally",2018-2019
5103000,1368 sqft,Gajularamaram,2018-2019
4374000,1477 sqft,Gowlidoddy,2018-2019
7897500,1500 sqft,"KukatpallyHousingBoardColony,NH",2018-2019
7776000,1450 sqft,"KavuriHills,Madhapur",2018-2019
10935000,2347 sqft,"SMRVinayIconia,Kondapur",2018-2019
10935000,2800 sqft,"TrendsetWinz,Gachibowli,OuterRingRoad",2018-2019
9720000,1650 sqft,"Gachibowli,OuterRingRoad",2018-2019
7654500,1865 sqft,"InduFortuneFieldsapartments,HitechCity",2018-2019
5832000,2200 sqft,"OldMalakpet,NH",2018-2019
10935000,3000 sqft,"Hafeezpet,NH",2018-2019
3159000,1000 sqft,"TempleAlwal,Secunderabad,SiddipetRoad",2018-2019
4860000,1300 sqft,"Punjagutta,NH",2018-2019
4374000,1300 sqft,"SamathaNagar,Kukatpally,NH",2018-2019
10935000,1375 sqft,"LancoHills,Manikonda,OuterRingRoad",2018-2019
4860000,1800 sqft,"Narsingi,OuterRingRoad",2018-2019
8748000,2000 sqft,"Domalguda,HimayathNagar,NH",2018-2019
5346000,1600 sqft,"NCLGanga,Kompally",2018-2019
5589000,2100 sqft,"PragathiNagar-Ramanthpur,NH",2018-2019
3766500,1789 sqft,"Saket,Secunderabad",2018-2019
2916000,1450 sqft,Sainikpuri,2018-2019
10935000,3380 sqft,"NCCUrbanOne,Narsingi,OuterRingRoad",2018-2019
8505000,2000 sqft,"Lakdikapul,NH",2018-2019
3645000,1100 sqft,VidyaNagar,2018-2019
7776000,1690 sqft,"AparnaHillparkGardenia,Chandanagar,NH",2018-2019
5346000,1750 sqft,"KalyanPuri,Secunderabad",2018-2019
6561000,1050 sqft,NehruNagar-WestMarredpally,2018-2019
2430000,800 sqft,SangareddyDistrict,2018-2019
5346000,1070 sqft,"SamataColony,ToliChowki",2018-2019
2916000,1252 sqft,Dammaiguda,2018-2019
3888000,1150 sqft,"TilakNagar,NewNallakunta,NH",2018-2019
5346000,2400 sqft,"Tellapur,OuterRingRoad",2018-2019
9477000,1590 sqft,"AdityaImperialHeights,Hafeezpet,NH",2018-2019
4374000,1700 sqft,Karwansahu,2018-2019
12150000,1550 sqft,NewMallepally,2018-2019
8019000,1314 sqft,"MyHomeAvatar,Narsingi,OuterRingRoad",2018-2019
4495500,1000 sqft,MayurMarg,2018-2019
11664000,1950 sqft,NanakramGuda,2018-2019
6075000,4000 sqft,"SaptagiriColony,Kukatpally,NH",2018-2019
3645000,1477 sqft,Sangareddy,2018-2019
3402000,1000 sqft,"DilsukhNagar,NH",2018-2019
4860000,1630 sqft,"Alkapuri,LBNagar,NH",2018-2019
6561000,1050 sqft,Madhapur,2018-2019
3645000,915 sqft,"Vidyanagar,Adikmet",2018-2019
3402000,1200 sqft,"Champapet,Koti",2018-2019
4009500,1144 sqft,"NirmalaRatnaApartment,Gangaram,Chandanagar,NH",2018-2019
7047000,1660 sqft,"MotiNagar-Erragadda,NH",2018-2019
9720000,1198 sqft,"MantriCelestia,Gachibowli,OuterRingRoad",2018-2019
4252500,1200 sqft,MasabTank,2018-2019
3888000,1655 sqft,"HyderNagar,NH",2018-2019
7290000,2000 sqft,"KhajaGuda,OuterRingRoad",2018-2019
6075000,2003 sqft,"PearlCelestial,Kokapet,OuterRingRoad",2018-2019
5832000,1600 sqft,"VertexPleasant,Kukatpally,NH",2018-2019
8505000,2500 sqft,"BanjaraHills,NH",2018-2019
9720000,2000 sqft,"KavuriHills,Madhapur",2018-2019
10206000,1477 sqft,AparnaSerenePark,2018-2019
5346000,1570 sqft,"DaisyClassic,Kukatpally,NH",2018-2019
5589000,1380 sqft,"SMRVinayHarmonyCounty,Appajunction",2018-2019
9720000,4000 sqft,"MyNestMahati,Kondapur",2018-2019
6561000,1800 sqft,"DeLitePowerWelfareSociety,Narsingi,OuterRingRoad",2018-2019
3037500,1095 sqft,Gajularamaram,2018-2019
3037500,1477 sqft,"SunCity,Bandlaguda,ChevellaRoad",2018-2019
2916000,1000 sqft,Gudimalkapur,2018-2019
4374000,1260 sqft,Tarnaka,2018-2019
6075000,1800 sqft,Appajunction,2018-2019
6075000,1610 sqft,RaghuramA,2018-2019
5589000,1495 sqft,"SMRVinayCity,Miyapur,NH",2018-2019
3888000,1300 sqft,Nizampet,2018-2019
9234000,2600 sqft,"Yousufguda,NH",2018-2019
4495500,1265 sqft,"Chandanagar,NH",2018-2019
12150000,2285 sqft,"LumbiniAvenue,Gachibowli,OuterRingRoad",2018-2019
5346000,1425 sqft,"Kokapet,OuterRingRoad",2018-2019
7533000,2200 sqft,Kothaguda,2018-2019
9234000,1840 sqft,"GachibowliCUC,OuterRingRoad",2018-2019
6075000,1525 sqft,"Hafeezpet,NH",2018-2019
2430000,1477 sqft,"KukatpallyHousingBoardColony,NH",2018-2019
4009500,1250 sqft,Attapur,2018-2019
3159000,1477 sqft,LakshmiNagarColony-HanumanNagarColony,2018-2019
6075000,1477 sqft,Gachibowli,2018-2019
12150000,2259 sqft,"LodhaMeridian,KPHBPhase",2018-2019
8748000,1365 sqft,"MagnamOpus,Gachibowli,OuterRingRoad",2018-2019
7290000,1314 sqft,"MyHomeAvatar,Narsingi,OuterRingRoad",2018-2019
7776000,1925 sqft,"SMRVinayFountainhead,Hyderabad",2018-2019
2430000,800 sqft,"BaghAmberpet,Amberpet,NH",2018-2019
3888000,1400 sqft,Attapur,2018-2019
4617000,1600 sqft,"AakritiHoneydew,Tellapur,OuterRingRoad",2018-2019
4252500,1500 sqft,"Kukatpally,NH",2018-2019
4860000,1800 sqft,"HillCountyTownship,Bachupally,OuterRingRoad",2018-2019
3159000,810 sqft,Serilingampally,2018-2019
6318000,1450 sqft,"ProjectGoldenHabitat,Madhapur",2018-2019
9720000,2192 sqft,"WesternExoticaProject,Kothaguda",2018-2019
6318000,1800 sqft,"AdityaImperialHeights,Hafeezpet,NH",2018-2019
4374000,1400 sqft,Haripuricolony,2018-2019
3645000,768 sqft,"Manikonda,OuterRingRoad",2018-2019
3645000,1700 sqft,Aminpur,2018-2019
12150000,2800 sqft,"BanjaraHills,NH",2018-2019
4374000,1740 sqft,"APSEBColony,Hastinapuram",2018-2019
4374000,1575 sqft,"SilverSpring,Narsingi,OuterRingRoad",2018-2019
2430000,1250 sqft,"Bachupally,OuterRingRoad",2018-2019
3159000,1100 sqft,Attapur,2018-2019
6075000,1800 sqft,"BhavyasAkhilaExotica,Kukatpally,NH",2018-2019
3645000,1700 sqft,"SriMahalakshmiResidency,Attapur",2018-2019
4374000,850 sqft,"Lakdikapul,NH",2018-2019
5832000,1650 sqft,"SriNainasSunrise,Manikonda,OuterRingRoad",2018-2019
4131000,1200 sqft,Balkampet,2018-2019
4009500,1000 sqft,Puppalaguda,2018-2019
10935000,2192 sqft,"WesternExoticaProject,Kothaguda",2018-2019
5589000,1525 sqft,"APGOsCoopHSGSociety,Hafeezpet",2018-2019
3402000,1150 sqft,ToliChowki,2018-2019
5589000,1775 sqft,Hyderaguda-Attapur,2018-2019
6075000,1490 sqft,"InfocityExcellenceandElegance,Nallagandla,Serilingampally",2018-2019
6075000,1450 sqft,Mehdipatnam,2018-2019
3645000,1200 sqft,"AparnaKanopyTulip,Kompally",2018-2019
8505000,1870 sqft,"SumukhiOrbit,Madhapur",2018-2019
8262000,1756 sqft,"ProjectHillRidgeSprings,Gachibowli,OuterRingRoad",2018-2019
6318000,1500 sqft,"GayatriHills,JubileeHills",2018-2019
3645000,1360 sqft,"EmeraldHeights,Nizampet",2018-2019
3888000,1160 sqft,"NewDilshukhNagar,NH",2018-2019
3402000,1450 sqft,MaruthiNagar,2018-2019
2430000,950 sqft,"Hayathnagar,NH",2018-2019
8505000,2200 sqft,Kondapur,2018-2019
2551500,670 sqft,"Quthbullapur,NH",2018-2019
8748000,3000 sqft,Puppalaguda,2018-2019
4374000,1200 sqft,Puppalaguda,2018-2019
4374000,1933 sqft,"ModiSplendour,Kukatpally,NH",2018-2019
6318000,2200 sqft,Attapur,2018-2019
4374000,1933 sqft,"ModiSplendour,Kukatpally,NH",2018-2019
2478600,900 sqft,"Quthbullapur,NH",2018-2019
3523500,900 sqft,Borabanda,2018-2019
4374000,1650 sqft,"Miyapur,NH",2018-2019
5589000,1850 sqft,"Manikonda,OuterRingRoad",2018-2019
8748000,1650 sqft,"AshokaLiviano,Gachibowli,OuterRingRoad",2018-2019
6075000,2000 sqft,"AlHasnathColony,ToliChowki",2018-2019
2187000,1477 sqft,Narapally,2018-2019
10935000,1690 sqft,"GachibowliCUC,OuterRingRoad",2018-2019
3159000,1100 sqft,"NewBowenpally,NH",2018-2019
7290000,1850 sqft,Shaikpet,2018-2019
6075000,1925 sqft,"Hafeezpet,NH",2018-2019
4131000,1600 sqft,UppalMetro,2018-2019
4131000,1750 sqft,Bowenpally,2018-2019
4860000,1700 sqft,Nizampet,2018-2019
8505000,1782 sqft,"ITHeights,KhajaGuda,OuterRingRoad",2018-2019
3645000,1450 sqft,Bowenpally,2018-2019
2430000,954 sqft,"ModiEmeraldHeights,Pocharam,NH",2018-2019
3888000,1933 sqft,"ModiSplendour,Gajularamaram",2018-2019
7776000,1700 sqft,"PranavSuryaPlanet,Kothaguda",2018-2019
3402000,1008 sqft,"Miyapur,NH",2018-2019
3645000,1100 sqft,"Chandanagar,NH",2018-2019
2065500,1140 sqft,"Lalaguda,Secunderabad",2018-2019
1944000,1477 sqft,"LBNagar,NH",2018-2019
2430000,1350 sqft,"SriSaiRamResidency,Beeramguda,RamachandraPuram,NH",2018-2019
3645000,900 sqft,GayathriNagar,2018-2019
7047000,1745 sqft,"ConcretePalazzo,Nacharam",2018-2019
4738500,1180 sqft,"SilverNestArcade,Narayanguda",2018-2019
8505000,1314 sqft,"MyHomeAvatar,Narsingi,OuterRingRoad",2018-2019
7290000,1280 sqft,Narayanguda,2018-2019
7290000,1490 sqft,"AdityaImperialHeights,Hafeezpet,NH",2018-2019
4374000,1500 sqft,NewNallakunta,2018-2019
8019000,1278 sqft,"LodhaMeridian,KukatpallyHousingBoardColony,NH",2018-2019
8505000,1600 sqft,"BanjaraHills,NH",2018-2019
8505000,1545 sqft,"VajrasJasmineCounty,Gachibowli,OuterRingRoad",2018-2019
9720000,2430 sqft,"SMRVinayIconia,Kondapur",2018-2019
9817200,1834 sqft,"MyHomeAvatar,Narsingi,OuterRingRoad",2018-2019
4131000,1100 sqft,"KrishnaGiriEnclave,Secunderabad",2018-2019
11664000,1738 sqft,"PrestigeIvyLeague,HitechCity",2018-2019
11664000,2440 sqft,"JayabheriOrangeCounty,Gachibowli,OuterRingRoad",2018-2019
5346000,1490 sqft,"JanapriyaUtopiaII,Upparpally,HyderabadExpressway",2018-2019
9720000,2690 sqft,"SRISAIRAMTowers,Hafeezpet,NH",2018-2019
4374000,1000 sqft,ShivamRd,2018-2019
3888000,1000 sqft,"KukatpallyHousingBoardColony,NH",2018-2019
4860000,1100 sqft,Kondapur,2018-2019
10692000,1477 sqft,Hitech,2018-2019
1579500,1477 sqft,Vidyanagar,2018-2019
10935000,1800 sqft,"GolfView,Gachibowli,OuterRingRoad",2018-2019
9720000,2265 sqft,"RainbowVistasRockGardens,HitechCity",2018-2019
7290000,1477 sqft,Kondapur,2018-2019
4131000,1150 sqft,"GayatriHills,JubileeHills",2018-2019
6075000,1477 sqft,West,2018-2019
6075000,1260 sqft,"AyyappaSociety,Madhapur",2018-2019
6804000,1558 sqft,"InduFortuneFieldsapartments,HitechCity",2018-2019
4860000,1345 sqft,Kondapur,2018-2019
3645000,1380 sqft,Dammaiguda,2018-2019
4860000,1100 sqft,"BasheerBagh,NH",2018-2019
10935000,2300 sqft,MasjidBanda,2018-2019
7290000,1650 sqft,"Rethibowli,Mehdipatnam",2018-2019
8505000,1545 sqft,"VajrasJasmineCounty,FinancialDistrict,NanakramGuda",2018-2019
3159000,1477 sqft,Kondapur,2018-2019
2430000,1477 sqft,Kondapur,2018-2019
4860000,1477 sqft,"HemadurgaTowers,Miyapur,NH",2018-2019
10692000,1477 sqft,RajapushpaAtria,2018-2019
7533000,1477 sqft,AparnaCyberCommune,2018-2019
7290000,1295 sqft,"AparnaSerenePark,MasjidBanda",2018-2019
9963000,1262 sqft,"Ashvita,HitechCity",2018-2019
7533000,1600 sqft,"AparnaCyberZon,Nallagandla,Serilingampally",2018-2019
8748000,2345 sqft,"ACEAtlantis,KhajaGuda,OuterRingRoad",2018-2019
7047000,1100 sqft,JubileeHills,2018-2019
5589000,1550 sqft,Narayanguda,2018-2019
3645000,1477 sqft,Kothaguda,2018-2019
9720000,1477 sqft,AdityaEmpressTowers,2018-2019
6804000,1800 sqft,"AdityaImperialHeights,Hafeezpet,NH",2018-2019
8505000,2500 sqft,HitechCity,2018-2019
10935000,1854 sqft,"LodhaMeridian,Kukatpally,NH",2018-2019
12150000,2350 sqft,"NagarjunaResidency,PJanardhanReddyNagar,Gachibowli,OuterRingRoad",2018-2019
10935000,2400 sqft,"ApurupaAvenue,KavuriHills,Madhapur",2018-2019
5589000,1485 sqft,Kondapur,2018-2019
3888000,900 sqft,"BanjaraHills,NH",2018-2019
9234000,2550 sqft,"Ameerpet,NH",2018-2019
10206000,2160 sqft,"MyHomeVihanga,Gachibowli,OuterRingRoad",2018-2019
6318000,1628 sqft,"PBELCity,Appajunction",2018-2019
2430000,1477 sqft,,2018-2019
12150000,2200 sqft,"AparnaAura,JubileeHills",2018-2019
12150000,2300 sqft,"JainsCarltonCreek,Gachibowli,OuterRingRoad",2018-2019
11664000,2400 sqft,"RamkyTowersElite,Madhapur",2018-2019
6075000,1600 sqft,"ShanthiNagar-Kukatpally,NH",2018-2019
5346000,1800 sqft,"SanjeevaReddyNagar,NH",2018-2019
6075000,1300 sqft,"SuryaNagar,ToliChowki",2018-2019
9720000,1834 sqft,"Gachibowli,OuterRingRoad",2018-2019
4374000,1250 sqft,WestMarredpally,2018-2019
4131000,1200 sqft,"SamataColony,ToliChowki",2018-2019
12150000,2200 sqft,"BanjaraHills,NH",2018-2019
4374000,1504 sqft,"Manikonda,OuterRingRoad",2018-2019
10935000,1900 sqft,Kondapur,2018-2019
10935000,1615 sqft,"AparnaSerenePark,Kondapur",2018-2019
4374000,907 sqft,"SolankiGulmohar,BrahmanWadi,Begumpet",2018-2019
4252500,1233 sqft,Attapur,2018-2019
3402000,2000 sqft,"Saroornagar,NH",2018-2019
3645000,1800 sqft,FortViewColony,2018-2019
8505000,2092 sqft,"MorningRaga,AlkapurTownship,Manikonda,OuterRingRoad",2018-2019
1822500,1477 sqft,"Uppal,NH",2018-2019
3159000,1210 sqft,Nagaram,2018-2019
4131000,6000 sqft,"Chandanagar,NH",2018-2019
6075000,1650 sqft,"SuryaSravanthiApartment,Kothaguda",2018-2019
3645000,1140 sqft,"LotusAvenues,Miyapur,NH",2018-2019
2916000,1650 sqft,"Saroornagar,NH",2018-2019
7290000,1217 sqft,"Kokapet,OuterRingRoad",2018-2019
9477000,1350 sqft,"Kokapet,OuterRingRoad",2018-2019
6318000,1230 sqft,PoliceColony-Kondapur,2018-2019
7290000,1685 sqft,"RajapushpaAtria,Kokapet,OuterRingRoad",2018-2019
4374000,1800 sqft,BandlagudaJagir,2018-2019
4860000,1514 sqft,"Jeedimetla,NH",2018-2019
3645000,1450 sqft,"Bachupally,OuterRingRoad",2018-2019
4860000,1200 sqft,"DurgabaiDeshmukhColony,Amberpet",2018-2019
7290000,1655 sqft,"Nallagandla,Serilingampally",2018-2019
3159000,1413 sqft,"Malakpet,NH",2018-2019
6925500,1010 sqft,"MalaysianTownship,Kukatpally,NH",2018-2019
3523500,1477 sqft,IDPLColony,2018-2019
6804000,1500 sqft,"Hafeezpet,NH",2018-2019
6561000,1685 sqft,"AccurateWindChimes,Narsinghi",2018-2019
2065500,1477 sqft,"Beeramguda,RamachandraPuram,NH",2018-2019
7290000,1024 sqft,"AdityaImperialHeights,Hafeezpet,NH",2018-2019
10935000,1685 sqft,"Gachibowli,OuterRingRoad",2018-2019
7290000,1600 sqft,"Manikonda,OuterRingRoad",2018-2019
8748000,2050 sqft,"AdityaGardenia,BanjaraHills,NH",2018-2019
7290000,1314 sqft,"MyHomeAvatar,Narsingi,OuterRingRoad",2018-2019
1944000,1477 sqft,Charminar,2018-2019
4860000,1410 sqft,"SMRVinayHarmonyCounty,Appajunction",2018-2019
8748000,1850 sqft,"AdityaGardenia,BanjaraHills,NH",2018-2019
7290000,1477 sqft,"AdityaImperialHeights,Hafeezpet,NH",2018-2019
3645000,1477 sqft,Kondapur,2018-2019
3402000,1200 sqft,Musheerabad,2018-2019
6075000,1525 sqft,FriendsColony,2018-2019
4374000,1150 sqft,khairtabad,2018-2019
3645000,1650 sqft,"GoldenHeightsColony,Janachaitanyacolony,HyderabadExpressway",2018-2019
3159000,1200 sqft,Chilakalguda,2018-2019
12150000,1580 sqft,"Habsiguda,NH",2018-2019
2065500,950 sqft,"BNReddyNagar,NagarjunaSagarRoad",2018-2019
3888000,1678 sqft,"Upparpally,HyderabadExpressway",2018-2019
2916000,1175 sqft,"Anandbagh,Secunderabad,MoulaAliRoad",2018-2019
1701000,1477 sqft,Langar,2018-2019
6075000,1632 sqft,"LBNagar,NH",2018-2019
3645000,1000 sqft,"LangarHouseSouth,HyderabadExpressway",2018-2019
5589000,1650 sqft,ToliChowki,2018-2019
8991000,1690 sqft,"MyHomeVihanga,Gachibowli,OuterRingRoad",2018-2019
3645000,1477 sqft,"MythriNagar,Hafeezpet,NH",2018-2019
6318000,1900 sqft,"HillCountyTownship,Bachupally,OuterRingRoad",2018-2019
5832000,1648 sqft,"TNRSulakshna,LBNagar,NH",2018-2019
4131000,1570 sqft,"ManasaVensaAshraya,Saroornagar,NH",2018-2019
7290000,1490 sqft,"AdityaImperialHeights,Hafeezpet,NH",2018-2019
12150000,2675 sqft,"AshokaLiviano,PJanardhanReddyNagar,Gachibowli,OuterRingRoad",2018-2019
6318000,1660 sqft,"EastOakLuxuryApartments,Pocharam,NH",2018-2019
8505000,1490 sqft,"AdityaImperialHeights,Hafeezpet,NH",2018-2019
2065500,650 sqft,"LIGApartments,Kukatpally,NH",2018-2019
9720000,1550 sqft,Narayanguda,2018-2019
3645000,1200 sqft,"DeviBagh,Bahadurpura",2018-2019
5589000,1410 sqft,"Tellapur,OuterRingRoad",2018-2019
5103000,1200 sqft,"Sriramnagar,Kothaguda",2018-2019
6804000,1530 sqft,"VazhraaNirmaanPushpak,Nizampet",2018-2019
6075000,1500 sqft,P&TColony,2018-2019
7290000,1725 sqft,"HonerVivantis,Nalagandala",2018-2019
3645000,1477 sqft,SriMahalakshmiResidency,2018-2019
9720000,1800 sqft,Attapur,2018-2019
6804000,1520 sqft,WestMarredpally,2018-2019
2794500,1600 sqft,Almasguda,2018-2019
3645000,1350 sqft,"SunCity,Bandlaguda,ChevellaRoad",2018-2019
12150000,2200 sqft,"WhistlingWoods,Kokapet,OuterRingRoad",2018-2019
6075000,1200 sqft,ToliChowki,2018-2019
7411500,1500 sqft,"KhajaGuda,OuterRingRoad",2018-2019
6075000,1643 sqft,"RVKaustubha,Kompally",2018-2019
9720000,1505 sqft,"AparnaSerenePark,Kondapur",2018-2019
1944000,1050 sqft,"Bachupally,OuterRingRoad",2018-2019
9720000,1477 sqft,VajrasJasmineCounty,2018-2019
5346000,1600 sqft,"AdvocatesColony,HimayathNagar",2018-2019
6804000,1050 sqft,PoliceColony-Kondapur,2018-2019
6561000,1920 sqft,"HyderNagar,NH",2018-2019
3645000,1300 sqft,Gajularamaram,2018-2019
3888000,1550 sqft,MADEENAGUDA,2018-2019
4860000,1275 sqft,"Madinaguda,Hafeezpet,NH",2018-2019
7290000,1200 sqft,"PJanardhanReddyNagar,Gachibowli,OuterRingRoad",2018-2019
6804000,1200 sqft,"AlkapurTownship,Manikonda,OuterRingRoad",2018-2019
5589000,1525 sqft,"SMRSowmya,WestMarredpally",2018-2019
6318000,1100 sqft,ToliChowki,2018-2019
3645000,1500 sqft,"BommarilluHomes,MadhuraNagar-Nizampet",2018-2019
4252500,1800 sqft,"SapthagiriEnclave,Bachupally,OuterRingRoad",2018-2019
5832000,1250 sqft,"MalaysianTownship,Kukatpally,NH",2018-2019
7290000,1314 sqft,"Narsingi,OuterRingRoad",2018-2019
9234000,1850 sqft,Begumpet,2018-2019
7290000,1314 sqft,"MyHomeAvatar,Narsingi,OuterRingRoad",2018-2019
3645000,1475 sqft,SivajiNagar-Chandanagar,2018-2019
7290000,1090 sqft,"Lakdikapul,NH",2018-2019
2187000,150 sqft,"Uppal,NH",2018-2019
6075000,1400 sqft,"DundooClassicTower,Boiguda",2018-2019
3645000,1365 sqft,"JaiJawaharNagar,Secunderabad",2018-2019
2916000,970 sqft,Ashgoli,2018-2019
2916000,1150 sqft,Adibatla,2018-2019
6075000,1477 sqft,Kondapur,2018-2019
4374000,1350 sqft,ToliChowki,2018-2019
3888000,900 sqft,"Hafeezpet,NH",2018-2019
4738500,1550 sqft,"MayflowerHeights,Mallapur",2018-2019
2308500,1100 sqft,"Bandlaguda,Nagole,SrisailamHighway",2018-2019
3402000,1000 sqft,"Gangaram,Chandanagar,NH",2018-2019
10206000,1870 sqft,"VajrasJasmineCounty,Gachibowli,OuterRingRoad",2018-2019
7290000,2535 sqft,"PatelsBrightView,Yapral",2018-2019
6561000,1500 sqft,"Secunderabad,RashtrapatiROAd",2018-2019
3888000,1654 sqft,"VSRCelestialTowers,Gajularamaram",2018-2019
6804000,2300 sqft,"SMRVinayHarmonyCounty,Appajunction",2018-2019
6075000,"40,000 sqft","ChitrapuriColony,Manikonda,OuterRingRoad",2018-2019
10935000,2630 sqft,"HallmarkKSNResidency,Kondapur",2018-2019
10935000,1800 sqft,"VittalRaoNagar,HitechCity",2018-2019
4860000,1275 sqft,"NCLSindhu,SatyamEnclave,Komapally,NH",2018-2019
2673000,1100 sqft,"ManovikasNagar,Secunderabad,NH",2018-2019
9720000,1834 sqft,"MyHomeAvatar,Narsingi,OuterRingRoad",2018-2019
6804000,1533 sqft,"Ramanthapur,NH",2018-2019
4374000,1250 sqft,"PragathiNagar,Kukatpally",2018-2019
2187000,1500 sqft,"Bandlaguda,Nagole,SrisailamHighway",2018-2019
1944000,900 sqft,Patelguda,2018-2019
2673000,950 sqft,SuchitraRoad,2018-2019
7776000,1555 sqft,"Hafeezpet,NH",2018-2019
6318000,1600 sqft,"GreenFieldColony,Secunderabad",2018-2019
3523500,1101 sqft,"Bachupally,OuterRingRoad",2018-2019
10935000,2800 sqft,NearGachibowliFinancilDist.,2018-2019
4009500,1400 sqft,"MoulaAli,MoulaAliRoad",2018-2019
12150000,2200 sqft,Gachibwoli(ORRjunction),2018-2019
8748000,1314 sqft,"MyHomeAvatar,Narsingi,OuterRingRoad",2018-2019
8505000,1490 sqft,"AdityaNagar,Hafeezpet",2018-2019
7776000,2200 sqft,"SRISAIRAMTowers,IndraReddyAlwynColony,Miyapur,NH",2018-2019
4374000,1130 sqft,Adibatla,2018-2019
9720000,1875 sqft,Shaikpet,2018-2019
3159000,1275 sqft,"GaghanPahad,RajendraNagar,OuterRingRoad",2018-2019
5346000,1510 sqft,"Hafeezpet,NH",2018-2019
7290000,1800 sqft,"KrishnaNagar,Yousufguda",2018-2019
2916000,1500 sqft,"Bachupally,OuterRingRoad",2018-2019
2916000,1200 sqft,Adibatla,2018-2019
2430000,1100 sqft,"MallaReddyColony,Secunderabad",2018-2019
8748000,1198 sqft,"MantriCelestia,Gachibowli,OuterRingRoad",2018-2019
2916000,1500 sqft,"BuddhaNagarColony,Boduppal",2018-2019
6075000,850 sqft,Mehdipatnam,2018-2019
6804000,850 sqft,Mehdipatnam,2018-2019
3645000,600 sqft,,2018-2019
3645000,1600 sqft,DrA.S.RaoNagar,2018-2019
2916000,1300 sqft,"Bachupally,OuterRingRoad",2018-2019
7290000,2400 sqft,Marredpally,2018-2019
4374000,1660 sqft,"Boduppal,NH",2018-2019
3402000,1150 sqft,Nizampet,2018-2019
3645000,1620 sqft,"FortView,Hydershakote,Bandlaguda,ChevellaRoad",2018-2019
6804000,850 sqft,Mehdipatnam,2018-2019
4374000,1400 sqft,Nagole,2018-2019
7290000,850 sqft,Hakimpet-Hyderabad,2018-2019
5346000,1375 sqft,"QuadriHappyHomesParadise,Amberpet",2018-2019
4617000,1125 sqft,Gajularamaram,2018-2019
7290000,1675 sqft,"Ameerpet,NH",2018-2019
4374000,1600 sqft,"Rasoolpura,MahatmaGandhiRoad",2018-2019
5589000,1550 sqft,KPHBColony,2018-2019
10206000,1834 sqft,"Narsingi,OuterRingRoad",2018-2019
5832000,2000 sqft,"Pocharam,NH",2018-2019
3402000,1800 sqft,"Boduppal,NH",2018-2019
3888000,1600 sqft,"Chandanagar,NH",2018-2019
6075000,1400 sqft,"RaghavendraColony,NH",2018-2019
5224500,1400 sqft,Puppalaguda,2018-2019
9720000,1600 sqft,"MyHomeAvatar,Narsingi,OuterRingRoad",2018-2019
7290000,1162 sqft,"AliensFastTrack,Madhapur",2018-2019
5589000,1461 sqft,"KKRsFountainhead,Miyapur,NH",2018-2019
8505000,2358 sqft,"PearlCelestial,Kokapet,OuterRingRoad",2018-2019
2916000,1100 sqft,militarydairyfarmrd,2018-2019
3645000,1150 sqft,"SkandaSrinivasam,Isnapur,OuterRingRoad",2018-2019
4617000,1477 sqft,"Madinaguda,Hafeezpet,NH",2018-2019
12150000,2260 sqft,"GreenGrace,Gachibowli,OuterRingRoad",2018-2019
5346000,1205 sqft,"VazhraaNirmaanPushpak,MadhuraNagar-Nizampet",2018-2019
3888000,600 sqft,Papulguda,2018-2019
4374000,1360 sqft,HumayunNagar,2018-2019
5589000,1200 sqft,"PadmaraoNagar,Hyderabad-KarimnagarHighway",2018-2019
4131000,1200 sqft,"NewBowenpally,NH",2018-2019
10935000,1961 sqft,"Punjagutta,NH",2018-2019
6075000,1400 sqft,"Manikonda,OuterRingRoad",2018-2019
5346000,1300 sqft,"ShankaraKranthiApartment,Kavadiguda,NH",2018-2019
5103000,1450 sqft,Shaikpet,2018-2019
8019000,1711 sqft,"ITHeights,KhajaGuda,OuterRingRoad",2018-2019
6075000,1600 sqft,"HimayathNagar,NH",2018-2019
10935000,2540 sqft,"Narsingi,OuterRingRoad",2018-2019
4252500,1400 sqft,"SunCity,Bandlaguda,ChevellaRoad",2018-2019
6075000,1670 sqft,"Upparpally,HyderabadExpressway",2018-2019
7290000,1314 sqft,"Narsingi,OuterRingRoad",2018-2019
10206000,2150 sqft,"TheLegendSomajigudaI,Somajiguda,NH",2018-2019
8505000,1500 sqft,ShivamRd,2018-2019
6318000,900 sqft,Hakimpet-Hyderabad,2018-2019
7290000,2200 sqft,"Miyapur,NH",2018-2019
10935000,2540 sqft,"NCCUrbanOne,Narsingi,OuterRingRoad",2018-2019
6804000,1715 sqft,"Habsiguda,NH",2018-2019
7533000,1314 sqft,"MyHomeAvatar,Narsingi,OuterRingRoad",2018-2019
7290000,1314 sqft,"MyHomeAvatar,Narsingi,OuterRingRoad",2018-2019
3645000,1350 sqft,"Bandlaguda,Nagole,SrisailamHighway",2018-2019
8505000,2000 sqft,KPHBRoad,2018-2019
5346000,1600 sqft,Gopanapalli,2018-2019
6075000,1530 sqft,"KukatpallyHousingBoardColony,NH",2018-2019
3159000,1300 sqft,"Ramanthapur,NH",2018-2019
3645000,1300 sqft,RahatNagar-Amberpet,2018-2019
3402000,1000 sqft,"RadhaKrishnaNagar-Attapur,Attapur",2018-2019
6561000,2100 sqft,"SMRSartajPlaza,Bowenpally",2018-2019
8262000,1834 sqft,"MyHomeAvatar,Narsingi,OuterRingRoad",2018-2019
4860000,1665 sqft,Puppalaguda,2018-2019
6561000,1135 sqft,"JayaNagar,Kukatpally,NH",2018-2019
2673000,1000 sqft,Gajularamaram,2018-2019
4860000,1350 sqft,Attapur,2018-2019
6075000,1400 sqft,"Ameerpet,NH",2018-2019
9234000,1800 sqft,"AparnaSarovar,Nalagantla",2018-2019
6804000,850 sqft,Mehdipatnam,2018-2019
3645000,1210 sqft,"Bachupally,OuterRingRoad",2018-2019
6075000,1500 sqft,"BasheerBagh,NH",2018-2019
3888000,1614 sqft,Gajularamaram,2018-2019
7290000,1650 sqft,"SMREmpire,WestMarredpally",2018-2019
2065500,1477 sqft,JanapriyaLakefront,2018-2019
3888000,1416 sqft,Nizampet,2018-2019
3280500,1477 sqft,"VictoryEstates,Jeedimetla,NH",2018-2019
3037500,870 sqft,"VasathiAnandi,Appajunction",2018-2019
9720000,1250 sqft,"SMRVinayTechnopolis,Madhapur",2018-2019
2673000,1100 sqft,"Pocharam,NH",2018-2019
4374000,1800 sqft,Nizampet,2018-2019
5832000,1800 sqft,"Narsingi,OuterRingRoad",2018-2019
6561000,1150 sqft,"MuppasAlankrita,Narsingi,OuterRingRoad",2018-2019
2187000,1080 sqft,Gajularamaram,2018-2019
5103000,2600 sqft,Trimulgherry,2018-2019
4617000,1345 sqft,"RahejaVistas,Nacharam",2018-2019
5832000,1400 sqft,"UshodayaEnclave,Hafeezpet",2018-2019
4009500,1625 sqft,Nizampet,2018-2019
1701000,1000 sqft,Badangpet,2018-2019
6318000,1500 sqft,"Erragadda,NH",2018-2019
4009500,1625 sqft,BandariLayout,2018-2019
12150000,2300 sqft,"Domalguda,HimayathNagar,NH",2018-2019
10327500,1860 sqft,"VajrasJasmineCounty,Gachibowli,OuterRingRoad",2018-2019
12150000,1575 sqft,"AdityaEmpressTowers,Shaikpet",2018-2019
8505000,1600 sqft,"BanjaraHills,NH",2018-2019
4860000,1435 sqft,DrA.S.RaoNagar,2018-2019
4860000,1275 sqft,Boiguda,2018-2019
9720000,2090 sqft,"L&TSereneCounty,TelecomNagar,Gachibowli,OuterRingRoad",2018-2019
10935000,2425 sqft,"MeenakshiSkyLounge,BikshapathiNagar,Hafeezpet",2018-2019
5346000,1000 sqft,HitechCity,2018-2019
6075000,1200 sqft,Madhapur,2018-2019
6804000,1550 sqft,"DDColony,Amberpet",2018-2019
8505000,1900 sqft,"AdityaImperialHeights,Hafeezpet,NH",2018-2019
2430000,850 sqft,Attapur,2018-2019
3402000,1400 sqft,Attapur,2018-2019
2916000,990 sqft,Nizampet,2018-2019
3159000,1477 sqft,PragathiNagar,2018-2019
3888000,1100 sqft,"Chandanagar,NH",2018-2019
3888000,975 sqft,"Lingampally-Serilingampally,NH",2018-2019
1579500,1477 sqft,"BanjaraHills,NH",2018-2019
9234000,1900 sqft,"LodhaMeridian,KukatpallyHousingBoardColony,NH",2018-2019
10935000,1500 sqft,MasabTank,2018-2019
3037500,1477 sqft,Madhapur,2018-2019
3645000,1100 sqft,"Madinaguda,Hafeezpet,NH",2018-2019
5589000,1750 sqft,"AnjaniTowers,Ameerpet,NH",2018-2019
6075000,1600 sqft,Himayatnagar,2018-2019
4860000,2000 sqft,BandlagudaJagir,2018-2019
5103000,1715 sqft,MIGHColony-Mehdipatnam,2018-2019
9234000,1834 sqft,"Narsingi,OuterRingRoad",2018-2019
3888000,1350 sqft,"Manikonda,OuterRingRoad",2018-2019
6075000,1560 sqft,NewMallepally,2018-2019
7290000,1477 sqft,Madhapur,2018-2019
4374000,1100 sqft,"HimayathNagar,NH",2018-2019
8748000,1600 sqft,"MyHomeVihanga,Gachibowli,OuterRingRoad",2018-2019
3742200,1025 sqft,Begumpet,2018-2019
1701000,1477 sqft,New,2018-2019
4617000,1800 sqft,PanjaguttaColony,2018-2019
5346000,1800 sqft,Attapur,2018-2019
6075000,1477 sqft,Hitex,2018-2019
9720000,2600 sqft,"BanjaraHills,NH",2018-2019
3888000,1477 sqft,AnjaneyanagarColony,2018-2019
3037500,1477 sqft,"SanathNagar,NH",2018-2019
2916000,1200 sqft,Neredmet,2018-2019
9720000,1198 sqft,"MantriCelestia,Gachibowli,OuterRingRoad",2018-2019
7290000,1602 sqft,"MJRGoldenEnclave,Madhapur",2018-2019
2673000,1125 sqft,"LakshmiNagarColony-HanumanNagarColony,Secunderabad",2018-2019
6075000,2000 sqft,"Barkatpura,Kachiguda,NH",2018-2019
11664000,2500 sqft,"JayabheriOrangeCounty,GachibowliCUC,OuterRingRoad",2018-2019
3645000,1000 sqft,"Gachibowli,OuterRingRoad",2018-2019
3159000,1477 sqft,Alwal,2018-2019
5103000,1477 sqft,"RaghavendraColony,NH",2018-2019
7290000,1685 sqft,"MyHomesJewel,Miyapur,NH",2018-2019
6804000,1550 sqft,"YellaReddyGuda,NH",2018-2019
1944000,1477 sqft,"YellaReddyGuda,NH",2018-2019
7290000,2100 sqft,"AshokNagar,HimayathNagar",2018-2019
2916000,1100 sqft,"Malakpet,NH",2018-2019
8505000,1850 sqft,"HimayathNagar,NH",2018-2019
4252500,1100 sqft,Kondapur,2018-2019
11421000,2500 sqft,"MeenakshisRoyalCourt,BanjaraHills,NH",2018-2019
6968000,1340,Nizampet,2019-2020
29000000,3498,Hitech City,2019-2020
6590000,1318,Manikonda,2019-2020
5739000,1295,Alwal,2019-2020
5679000,1145,Kukatpally,2019-2020
6099000,1230,Nizampet,2019-2020
7000000,1350,Manikonda,2019-2020
4198000,1400,Gachibowli,2019-2020
9900000,2240,Tellapur,2019-2020
9800000,1520,Gachibowli,2019-2020
8903000,1535,Kokapet,2019-2020
6300000,1150,Hyder Nagar,2019-2020
6300000,1285,Mehdipatnam,2019-2020
9000000,1897,Tellapur,2019-2020
11100000,1725,Narsingi,2019-2020
11500000,1665,Khajaguda Nanakramguda Road,2019-2020
10900000,1592,Kukatpally,2019-2020
8625000,1150,Madhapur,2019-2020
9900000,2240,Tellapur,2019-2020
3900000,1050,Puppalaguda,2019-2020
6968000,1340,Nizampet,2019-2020
29000000,3498,Hitech City,2019-2020
6590000,1318,Manikonda,2019-2020
5739000,1295,Alwal,2019-2020
5679000,1145,Kukatpally,2019-2020
6099000,1230,Nizampet,2019-2020
7000000,1350,Manikonda,2019-2020
4198000,1400,Gachibowli,2019-2020
9900000,2240,Tellapur,2019-2020
9800000,1520,Gachibowli,2019-2020
8903000,1535,Kokapet,2019-2020
6300000,1150,Hyder Nagar,2019-2020
6300000,1285,Mehdipatnam,2019-2020
9000000,1897,Tellapur,2019-2020
11100000,1725,Narsingi,2019-2020
11500000,1665,Khajaguda Nanakramguda Road,2019-2020
10900000,1592,Kukatpally,2019-2020
8625000,1150,Madhapur,2019-2020
9900000,2240,Tellapur,2019-2020
3900000,1050,Puppalaguda,2019-2020
7800000,1735,Puppalaguda,2019-2020
19600000,2800,Narsingi,2019-2020
6050000,1050,Begumpet,2019-2020
6150000,1230,Kukatpally,2019-2020
5000000,1175,Nizampet,2019-2020
4760000,1190,Nizampet,2019-2020
30000000,2956,Banjara Hills,2019-2020
2500000,680,AS Rao Nagar,2019-2020
5900000,1350,Pragathi Nagar Kukatpally,2019-2020
9700000,1970,Miyapur,2019-2020
4641000,1105,Mallampet,2019-2020
16000000,2005,Nanakramguda,2019-2020
4641000,1105,Mallampet,2019-2020
7500000,1406,Attapur,2019-2020
6140000,1545,Alwal,2019-2020
10500000,1495,Nanakramguda,2019-2020
7200000,1300,West Marredpally,2019-2020
4600000,1200,Nizampet,2019-2020
10400000,1450,Hitech City,2019-2020
9500000,1450,Banjara Hills,2019-2020
9942000,1912,Narsingi,2019-2020
9250000,1850,Manikonda,2019-2020
4500000,1300,Puppalaguda,2019-2020
9600000,1674,Kompally,2019-2020
8600000,1242,Sri Nagar Colony,2019-2020
2700000,850,Hakimpet,2019-2020
6600000,1895,Pocharam,2019-2020
8589000,1636,Nagole,2019-2020
5500000,1076,LB Nagar,2019-2020
3200000,1080,Meerpet,2019-2020
20500000,2100,Kachiguda,2019-2020
6300000,1265,Manikonda,2019-2020
6400000,1300,Masab Tank,2019-2020
4988000,1089,Miyapur,2019-2020
10500000,1400,Kondapur,2019-2020
4300000,850,Saroornagar,2019-2020
3900000,1100,Nizampet,2019-2020
5500000,1700,Uppal Kalan,2019-2020
10300000,2150,Tellapur,2019-2020
6600000,1195,Mallapur,2019-2020
6500000,1105,Miyapur,2019-2020
5784000,1205,Manikonda,2019-2020
5500000,1250,Rajendra Nagar,2019-2020
6700000,1340,Puppalaguda,2019-2020
3000000,950,Beeramguda,2019-2020
4700000,1100,Moosapet,2019-2020
15000000,1908,Kondapur,2019-2020
7872000,1675,Bachupally,2019-2020
7500000,1420,Toli Chowki,2019-2020
8903000,1535,Kokapet,2019-2020
3200000,910,Nanakramguda,2019-2020
5600000,1325,Lakdikapul,2019-2020
11000000,1717,Tarnaka,2019-2020
12000000,2400,West Marredpally,2019-2020
6900000,1150,Kondapur,2019-2020
3900000,1000,Toli Chowki,2019-2020
3999000,1200,Kistareddypet,2019-2020
4460000,1040,Pragathi Nagar Kukatpally,2019-2020
7298999,1181,Hafeezpet,2019-2020
10500000,2100,Kompally,2019-2020
12000000,1550,Shaikpet,2019-2020
7700000,1280,Amberpet,2019-2020
12400000,1945,Kokapet,2019-2020
28200000,3500,Hitech City,2019-2020
3700000,1000,Nagole,2019-2020
8000000,1200,Miyapur,2019-2020
17700000,2729,Gachibowli,2019-2020
6998999,1500,AS Rao Nagar,2019-2020
19400000,2165,Banjara Hills,2019-2020
3000000,1050,Kapra,2019-2020
2999000,1150,Bachupally,2019-2020
8500000,1822,West Marredpally,2019-2020
6500000,1270,Puppalaguda,2019-2020
4500000,1300,Trimalgherry,2019-2020
8500000,1600,Habsiguda,2019-2020
14500000,1818,Sanath Nagar,2019-2020
8000000,1282,Darga Khaliz Khan,2019-2020
8600000,1830,Manikonda,2019-2020
9073000,1815,Kokapet,2019-2020
6700000,1400,Puppalaguda,2019-2020
6344000,1220,Nizampet,2019-2020
8580000,1650,Nizampet,2019-2020
8736000,1680,Nizampet,2019-2020
8086000,1555,Nizampet,2019-2020
8762000,1685,Nizampet,2019-2020
7904000,1520,Nizampet,2019-2020
6370000,1225,Nizampet,2019-2020
9334000,1795,Nizampet,2019-2020
7462000,1435,Nizampet,2019-2020
7436000,1430,Nizampet,2019-2020
6578000,1265,Nizampet,2019-2020
10400000,2080,Manikonda,2019-2020
10400000,2092,Manikonda,2019-2020
6850000,1370,Manikonda,2019-2020
11100000,2232,Manikonda,2019-2020
10300000,2063,Manikonda,2019-2020
7000000,1400,Manikonda,2019-2020
9325000,1865,Manikonda,2019-2020
11299999,2270,Manikonda,2019-2020
9480000,1896,Manikonda,2019-2020
25600000,3031,Hitech City,2019-2020
8510000,1702,Manikonda,2019-2020
6750000,1350,Manikonda,2019-2020
7625000,1525,Manikonda,2019-2020
6125000,1225,Manikonda,2019-2020
8640000,1728,Manikonda,2019-2020
8625000,1725,Manikonda,2019-2020
6500000,1300,Manikonda,2019-2020
8000000,1600,Manikonda,2019-2020
6000000,1200,Manikonda,2019-2020
9900000,1640,Kothaguda,2019-2020
8234999,1830,Kompally,2019-2020
8256999,1835,Kompally,2019-2020
7100000,1570,Tellapur,2019-2020
9900000,1570,Tellapur,2019-2020
9900000,2240,Tellapur,2019-2020
9900000,2240,Tellapur,2019-2020
16000000,1895,Sanath Nagar,2019-2020
8000000,1600,Manikonda,2019-2020
5654000,1140,Kukatpally,2019-2020
5704000,1150,Kukatpally,2019-2020
7588000,1530,Kukatpally,2019-2020
5999000,1230,Nizampet,2019-2020
6000000,1300,Manikonda,2019-2020
3148000,1050,Gachibowli,2019-2020
6325000,1665,Gachibowli,2019-2020
4748000,1250,Gachibowli,2019-2020
4748000,1250,Gachibowli,2019-2020
8168000,1900,Gachibowli,2019-2020
8168000,1900,Gachibowli,2019-2020
7802000,1815,Gachibowli,2019-2020
5373000,1250,Gachibowli,2019-2020
7400000,1530,Moosapet,2019-2020
7400000,1530,Balanagar,2019-2020
8903000,1535,Kokapet,2019-2020
20200000,3380,Kokapet,2019-2020
20200000,3380,Kokapet,2019-2020
10800000,1875,Kokapet,2019-2020
10800000,1875,Kokapet,2019-2020
15200000,2540,Kokapet,2019-2020
15200000,2540,Kokapet,2019-2020
15200000,2630,Kokapet,2019-2020
15200000,2630,Kokapet,2019-2020
47200000,4500,Jubilee Hills,2019-2020
21500000,3380,Kokapet,2019-2020
12000000,2700,Manikonda,2019-2020
10000000,1792,Tellapur,2019-2020
9500000,1673,Tellapur,2019-2020
10700000,1665,Narsingi,2019-2020
10700000,1640,Narsingi,2019-2020
10700000,1640,Narsingi,2019-2020
11500000,1665,raidurgam,2019-2020
17000000,2200,Banjara Hills,2019-2020
4000000,1170,Pragathi Nagar Kukatpally,2019-2020
4000000,1170,Pragathi Nagar Kukatpally,2019-2020
8500000,1600,Banjara Hills,2019-2020
8600000,1644,Miyapur,2019-2020
8599000,1644,Miyapur,2019-2020
8898000,1687,Miyapur,2019-2020
8599000,1650,Miyapur,2019-2020
8298999,1554,Miyapur,2019-2020
8598000,1684,Miyapur,2019-2020
8898000,1650,Miyapur,2019-2020
4200000,970,Murad Nagar,2019-2020
4200000,970,Murad Nagar,2019-2020
10000000,2240,Tellapur,2019-2020
3900000,1050,Puppalaguda,2019-2020
10000000,2240,Tellapur,2019-2020
9900000,2240,Tellapur,2019-2020
4760000,1190,Nizampet,2019-2020
4400000,1100,Nizampet,2019-2020
7840000,1600,Chandanagar,2019-2020
4760000,1190,Nizampet,2019-2020
4400000,1100,Nizampet,2019-2020
8600000,1150,Hitech City,2019-2020
6800000,1415,Manikonda,2019-2020
18500000,1980,Banjara Hills,2019-2020
4400000,1100,Nizampet,2019-2020
4760000,1190,Nizampet,2019-2020
4400000,1100,Nizampet,2019-2020
7840000,1600,Chandanagar,2019-2020
4760000,1190,Nizampet,2019-2020
4400000,1100,Nizampet,2019-2020
8600000,1150,Hitech City,2019-2020
5880000,1200,Chandanagar,2019-2020
4400000,1100,Nizampet,2019-2020
4760000,1190,Nizampet,2019-2020
4760000,1190,Nizampet,2019-2020
4760000,1190,Nizampet,2019-2020
4400000,1100,Nizampet,2019-2020
4760000,1190,Nizampet,2019-2020
4760000,1190,Nizampet,2019-2020
4760000,1190,Nizampet,2019-2020
9906000,1905,Kukatpally,2019-2020
10000000,1925,Kukatpally,2019-2020
6187000,1482,Uppal Kalan,2019-2020
3800000,1100,Nizampet,2019-2020
11500000,1800,East Marredpally,2019-2020
12000000,1800,East Marredpally,2019-2020
4641000,1105,Mallampet,2019-2020
4641000,1105,Mallampet,2019-2020
4641000,1105,Mallampet,2019-2020
18500000,1980,Banjara Hills,2019-2020
8600000,1150,Hitech City,2019-2020
6800000,1415,Manikonda,2019-2020
11100000,1730,Kukatpally,2019-2020
4400000,1100,Aminpur,2019-2020
4400000,1100,Aminpur,2019-2020
4400000,1100,Aminpur,2019-2020
4400000,1100,Aminpur,2019-2020
4400000,1100,Aminpur,2019-2020
4400000,1100,Aminpur,2019-2020
4400000,1100,Aminpur,2019-2020
4400000,1100,Aminpur,2019-2020
4400000,1100,Aminpur,2019-2020
4400000,1100,Aminpur,2019-2020
4641000,1105,Mallampet,2019-2020
4400000,1100,Aminpur,2019-2020
4641000,1105,Mallampet,2019-2020
4641000,1105,Mallampet,2019-2020
4641000,1105,Mallampet,2019-2020
4641000,1105,Mallampet,2019-2020
4641000,1105,Mallampet,2019-2020
7847000,1165,Kondapur,2019-2020
4400000,1100,Aminpur,2019-2020
10000000,1535,Kondapur,2019-2020
4400000,1110,Aminpur,2019-2020
4641000,1105,Mallampet,2019-2020
9900000,2240,Tellapur,2019-2020
6500000,1278,Manikonda,2019-2020
7500000,1406,Attapur,2019-2020
6500000,1190,Mallapur,2019-2020
5300000,1215,Pragathi Nagar Kukatpally,2019-2020
4641000,1105,Mallampet,2019-2020
8600000,1150,Hitech City,2019-2020
4641000,1105,Mallampet,2019-2020
4641000,1105,Mallampet,2019-2020
10700000,1770,Kondapur,2019-2020
4840000,1210,Alwal,2019-2020
4542000,1010,Gajularamaram,2019-2020
8100000,1620,Serilingampally,2019-2020
6931000,1555,Gajularamaram,2019-2020
7098999,1190,Kukatpally,2019-2020
11100000,1730,Kukatpally,2019-2020
7240000,1165,Kondapur,2019-2020
10000000,1670,East Marredpally,2019-2020
13000000,1350,Hitech City,2019-2020
43000000,4780,Sri Nagar Colony,2019-2020
8900000,1836,Serilingampally,2019-2020
15000000,1970,West Marredpally,2019-2020
15000000,1970,West Marredpally,2019-2020
12000000,2000,Kukatpally,2019-2020
12000000,2000,Kukatpally,2019-2020
12000000,2000,Kukatpally,2019-2020
12000000,2000,Kukatpally,2019-2020
12000000,2000,Kukatpally,2019-2020
12000000,2000,Kukatpally,2019-2020
7744000,1210,Kondapur,2019-2020
9760000,1535,Kondapur,2019-2020
8500000,1315,Kondapur,2019-2020
2500000,680,AS Rao Nagar,2019-2020
8200000,1200,Malkajgiri,2019-2020
8200000,1200,Malkajgiri,2019-2020
8200000,1200,Malkajgiri,2019-2020
8200000,1200,Malkajgiri,2019-2020
8200000,1200,Malkajgiri,2019-2020
8200000,1200,Malkajgiri,2019-2020
8200000,1200,Malkajgiri,2019-2020
8200000,1200,Malkajgiri,2019-2020
8200000,1200,Malkajgiri,2019-2020
8200000,1200,Malkajgiri,2019-2020
10800000,1735,Kokapet,2019-2020
27500000,2500,Jubilee Hills,2019-2020
35000000,3959,Kondapur,2019-2020
9822000,1889,Narsingi,2019-2020
30000000,4500,Kondapur,2019-2020
27500000,2500,Jubilee Hills,2019-2020
4880000,1220,Alwal,2019-2020
9984000,1920,Miyapur,2019-2020
25000000,2700,West Marredpally,2019-2020
5400000,1300,Mettuguda,2019-2020
15000000,2100,Banjara Hills,2019-2020
9984000,1920,Miyapur,2019-2020
10000000,1925,Miyapur,2019-2020
11800000,1885,Kondapur,2019-2020
4542000,1010,Gajularamaram,2019-2020
10900000,1695,Kukatpally,2019-2020
7098999,1090,Kukatpally,2019-2020
46000000,3100,Jubilee Hills,2019-2020
19800000,2200,Jubilee Hills,2019-2020
7600000,1521,Kondapur,2019-2020
18000000,2490,Kokapet,2019-2020
12300000,1675,Narsingi,2019-2020
12300000,1675,Narsingi,2019-2020
5500000,1260,Nizampet,2019-2020
3700000,1105,Nizampet,2019-2020
12300000,1675,Narsingi,2019-2020
12300000,1675,Narsingi,2019-2020
12300000,1675,Narsingi,2019-2020
12300000,1675,Narsingi,2019-2020
4850000,1200,Nizampet,2019-2020
4850000,1200,Nizampet,2019-2020
4850000,1200,Nizampet,2019-2020
4850000,1200,Nizampet,2019-2020
4850000,1200,Nizampet,2019-2020
4500000,900,Begumpet,2019-2020
7600000,1710,Malkajgiri,2019-2020
8600000,1242,Sri Nagar Colony,2019-2020
7500000,1705,Malkajgiri,2019-2020
5200000,1050,Malkajgiri,2019-2020
5700000,1225,Mehdipatnam,2019-2020
6931000,1555,Gajularamaram,2019-2020
10800000,1675,Venkat Nagar Colony,2019-2020
10900000,1695,Kukatpally,2019-2020
13000000,1945,Kokapet,2019-2020
3650000,1000,Nizampet,2019-2020
8625000,1150,Hitech City,2019-2020
7500000,1330,Kondakal,2019-2020
20000000,2250,Kondapur,2019-2020
10000000,2240,Tellapur,2019-2020
45000000,4500,Banjara Hills,2019-2020
45000000,4500,Banjara Hills,2019-2020
45000000,4500,Banjara Hills,2019-2020
3300000,800,Gajularamaram,2019-2020
3300000,800,Gajularamaram,2019-2020
3300000,800,Gajularamaram,2019-2020
3300000,800,Gajularamaram,2019-2020
5635000,1150,Chandanagar,2019-2020
12900000,1840,Nanakramguda,2019-2020
7800000,1560,Gopanpally,2019-2020
6300000,1300,Serilingampally,2019-2020
28000000,3200,Somajiguda,2019-2020
30000000,2950,Banjara Hills,2019-2020
30000000,2950,Banjara Hills,2019-2020
12500000,1699,Gachibowli,2019-2020
6583000,1254,Nagole,2019-2020
8977000,1710,Nagole,2019-2020
35500000,4067,Kukatpally,2019-2020
7500000,1320,Uppal Kalan,2019-2020
7000000,1605,Puppalaguda,2019-2020
14500000,2120,Madhapur,2019-2020
13500000,1860,Nallagandla Gachibowli,2019-2020
13500000,1860,Nallagandla Gachibowli,2019-2020
2700000,1050,Krishna Reddy Pet,2019-2020
8990000,1550,Miyapur,2019-2020
27500000,3090,Hitech City,2019-2020
66400000,6718,Gachibowli,2019-2020
7500000,1195,Kondapur,2019-2020
5700000,1230,AS Rao Nagar,2019-2020
33000000,2956,Banjara Hills,2019-2020
33000000,2956,Banjara Hills,2019-2020
5500000,1076,LB Nagar,2019-2020
3578000,842,Bolarum,2019-2020
7800000,1200,Miyapur,2019-2020
52000000,4500,Jubilee Hills,2019-2020
52000000,4500,Jubilee Hills,2019-2020
40000000,3600,Jubilee Hills,2019-2020
40000000,3600,Jubilee Hills,2019-2020
36700000,3500,Banjara Hills,2019-2020
36700000,3500,Banjara Hills,2019-2020
8600000,1150,Madhapur,2019-2020
9000000,1150,Hitech City,2019-2020
9000000,1150,Hitech City,2019-2020
9877000,1245,Nanakramguda,2019-2020
13000000,1600,Nanakramguda,2019-2020
18800000,2270,Nanakramguda,2019-2020
6000000,1200,Manikonda,2019-2020
7000000,1418,Puppalaguda,2019-2020
9984000,1920,Miyapur,2019-2020
10000000,1925,Miyapur,2019-2020
9906000,1905,Miyapur,2019-2020
5500000,850,Gachibowli,2019-2020
8000000,1940,Nizampet,2019-2020
8600000,1150,Hitech City,2019-2020
11100000,1730,Kukatpally,2019-2020
11100000,1730,Kukatpally,2019-2020
4200000,1050,Mehdipatnam,2019-2020
4200000,1050,Mehdipatnam,2019-2020
14500000,1908,Kondapur,2019-2020
7098999,1090,Kukatpally,2019-2020
8953000,1905,Bachupally,2019-2020
7872000,1675,Bachupally,2019-2020
7590000,1615,Bachupally,2019-2020
5452000,1160,Bachupally,2019-2020
8459000,1800,Bachupally,2019-2020
5640000,1200,Bachupally,2019-2020
4500000,908,Mallapur,2019-2020
4830000,1100,Kukatpally,2019-2020
4900000,1380,Mehdipatnam,2019-2020
6000000,970,Hitech City,2019-2020
4500000,1160,Mallapur,2019-2020
4299000,840,Masab Tank,2019-2020
4750000,1100,Zamistanpur,2019-2020
4200000,931,Madhura Nagar,2019-2020
12500000,1670,Jubilee Hills,2019-2020
12000000,2000,Kukatpally,2019-2020
12000000,2000,Kukatpally,2019-2020
8298999,1554,Miyapur,2019-2020
8898000,1650,Miyapur,2019-2020
7998999,1554,Miyapur,2019-2020
23000000,1900,Jubilee Hills,2019-2020
22900000,1900,Jubilee Hills,2019-2020
23000000,1900,Jubilee Hills,2019-2020
23000000,1900,Jubilee Hills,2019-2020
14500000,1740,Kukatpally,2019-2020
20000000,3145,Madhapur,2019-2020
2800000,963,Beeramguda,2019-2020
3500000,909,Ghansi Bazaar,2019-2020
3500000,850,Chintalakunta,2019-2020
4700000,950,Chinthal Basthi,2019-2020
11399999,1730,Kukatpally,2019-2020
6931000,1555,Gajularamaram,2019-2020
5256000,1180,Gajularamaram,2019-2020
11100000,1675,Kukatpally,2019-2020
5300000,845,Nallakunta,2019-2020
4500000,1100,Bowenpally,2019-2020
14600000,1905,Nallakunta,2019-2020
11200000,1460,Nallakunta,2019-2020
11200000,1460,Nallakunta,2019-2020
4200000,1175,Malkajgiri,2019-2020
4900000,1360,Kompally,2019-2020
7554000,1220,Kondapur,2019-2020
11399999,1885,Kondapur,2019-2020
7240000,1165,Kondapur,2019-2020
9600000,1295,Jubilee Hills,2019-2020
9600000,1295,Jubilee Hills,2019-2020
9600000,1295,Jubilee Hills,2019-2020
9600000,1295,Jubilee Hills,2019-2020
9600000,1295,Jubilee Hills,2019-2020
10200000,1295,Jubilee Hills,2019-2020
12500000,1670,Jubilee Hills,2019-2020
12500000,1670,Jubilee Hills,2019-2020
4800000,1200,Bandlaguda Jagir,2019-2020
4800000,1200,Bandlaguda Jagir,2019-2020
12500000,1670,Jubilee Hills,2019-2020
16800000,2460,Nanakramguda,2019-2020
4000000,1040,Saroornagar,2019-2020
3600000,1107,Beeramguda,2019-2020
6000000,1050,Begumpet,2019-2020
6000000,1050,Begumpet,2019-2020
33300000,2900,Banjara Hills,2019-2020
8625000,1150,Hitech City,2019-2020
4000000,1040,Saroornagar,2019-2020
3600000,1107,Beeramguda,2019-2020
4000000,850,Beeramguda,2019-2020
6000000,1050,Begumpet,2019-2020
6000000,1050,Begumpet,2019-2020
3500000,1080,Beeramguda,2019-2020
3500000,1080,Beeramguda,2019-2020
2300000,1100,Boduppal,2019-2020
2300000,1100,Boduppal,2019-2020
12000000,1745,Somajiguda,2019-2020
2500000,970,Nagole,2019-2020
5777000,1090,Kukatpally,2019-2020
7605000,1435,Kukatpally,2019-2020
2600000,684,Beeramguda,2019-2020
4500000,1040,Beeramguda,2019-2020
3000000,850,Beeramguda,2019-2020
3200000,1150,Beeramguda,2019-2020
7000000,1605,Neknampur,2019-2020
3000000,850,Beeramguda,2019-2020
3200000,1150,Beeramguda,2019-2020
7000000,1605,Neknampur,2019-2020
5500000,1000,Mallapur,2019-2020
5777000,1090,Kukatpally,2019-2020
7605000,1435,Kukatpally,2019-2020
8502000,1635,Nagole,2019-2020
8242000,1585,Nagole,2019-2020
11000000,1730,Appa Junction Peerancheru,2019-2020
10700000,1665,Appa Junction Peerancheru,2019-2020
9240000,1482,Appa Junction Peerancheru,2019-2020
8800000,1385,Appa Junction Peerancheru,2019-2020
3400000,1000,Ambedkar Nagar,2019-2020
9500000,1035,Gachibowli,2019-2020
4700000,1250,Toli Chowki,2019-2020
4700000,1250,Toli Chowki,2019-2020
5000000,1000,Hafeezpet,2019-2020
4788000,1260,Saroornagar,2019-2020
2880000,950,Beeramguda,2019-2020
5500000,850,Gachibowli,2019-2020
8500000,1260,Nanakramguda,2019-2020
5500000,1050,Saroornagar,2019-2020
4400000,1250,Bachupally,2019-2020
14000000,1908,Kondapur,2019-2020
6931000,1555,Gajularamaram,2019-2020
12000000,1720,Narsingi,2019-2020
7540000,1327,Rajendra Nagar,2019-2020
6290000,1110,Rajendra Nagar,2019-2020
5290000,941,Rajendra Nagar,2019-2020
5580000,1200,Boduppal,2019-2020
4300000,1200,Manikonda,2019-2020
5560000,1390,Vanasthalipuram,2019-2020
2400000,540,Amberpet,2019-2020
12500000,1717,Gachibowli,2019-2020
12500000,1717,Gachibowli,2019-2020
3570000,900,Mehdipatnam,2019-2020
12600000,2150,Bandlaguda Jagir,2019-2020
4800000,810,Moula Ali,2019-2020
11600000,1985,Bandlaguda Jagir,2019-2020
9563000,1555,Kondapur,2019-2020
4800000,810,Moula Ali,2019-2020
11600000,1985,Bandlaguda Jagir,2019-2020
9563000,1555,Kondapur,2019-2020
3600000,1050,Mehdipatnam,2019-2020
4500000,1014,Mallapur,2019-2020
3900000,1085,Kompally,2019-2020
5800000,1100,Kompally,2019-2020
3500000,1050,Nizampet,2019-2020
3500000,1050,Nizampet,2019-2020
11399999,1860,Kukatpally,2019-2020
11399999,1860,Kukatpally,2019-2020
35000000,3000,Banjara Hills,2019-2020
35000000,3000,Banjara Hills,2019-2020
4500000,955,Nallagandla Gachibowli,2019-2020
4500000,1155,Gandipet,2019-2020
3500000,1120,Nizampet,2019-2020
3500000,850,Nizampet,2019-2020
3800000,1000,Kachiguda,2019-2020
3800000,1000,Kachiguda,2019-2020
3800000,1000,Kachiguda,2019-2020
3800000,1000,Kachiguda,2019-2020
3800000,1000,Kachiguda,2019-2020
3960000,966,Narsingi,2019-2020
3800000,1000,Kachiguda,2019-2020
3800000,1000,Kachiguda,2019-2020
4100000,1050,Mehdipatnam,2019-2020
5500000,1575,Alwal,2019-2020
9600000,1700,Nacharam,2019-2020
9600000,1700,Nacharam,2019-2020
6795000,1535,Pragathi Nagar Kukatpally,2019-2020
3600000,940,Nizampet,2019-2020
3400000,1060,Nizampet,2019-2020
3500000,1015,Nizampet,2019-2020
3500000,1015,Nizampet,2019-2020
5000000,1600,Narsingi,2019-2020
7000000,1150,Kondapur,2019-2020
5500000,1500,Narsingi,2019-2020
3870000,1000,Nizampet,2019-2020
5800000,1208,Kompally,2019-2020
4700000,1000,Toli Chowki,2019-2020
7000000,1150,Kondapur,2019-2020
5500000,1500,Narsingi,2019-2020
11299999,1700,Kukatpally,2019-2020
4500000,1170,Masab Tank,2019-2020
7317000,1090,Kukatpally,2019-2020
7317000,1090,Kukatpally,2019-2020
3800000,1050,Nizampet,2019-2020
4850000,1425,Malkajgiri,2019-2020
4010000,1060,Bolarum,2019-2020
3550000,1130,Bachupally,2019-2020
3300000,930,Nizampet,2019-2020
3500000,1085,Nizampet,2019-2020
7500000,1420,Toli Chowki,2019-2020
4600000,1120,Nizampet,2019-2020
8500000,1506,Appa Junction,2019-2020
8500000,1506,Appa Junction,2019-2020
5500000,1650,Nagole,2019-2020
5500000,1650,Nagole,2019-2020
3900000,1200,Nizampet,2019-2020
4580000,1145,Alwal,2019-2020
10800000,1875,Kokapet,2019-2020
15200000,2540,Kokapet,2019-2020
15200000,2630,Kokapet,2019-2020
4580000,1145,Alwal,2019-2020
15000000,2450,Kondapur,2019-2020
5700000,1425,Alwal,2019-2020
7200000,1720,Mehdipatnam,2019-2020
20000000,2405,Nanakramguda,2019-2020
8797000,1725,Chandanagar,2019-2020
10500000,1730,Kukatpally,2019-2020
43000000,4070,Madhapur,2019-2020
10000000,2000,Miyapur,2019-2020
10000000,1295,Kondapur,2019-2020
12000000,1490,Kondapur,2019-2020
10700000,1905,Miyapur,2019-2020
10700000,1905,Miyapur,2019-2020
7900000,1525,Kondapur,2019-2020
4900000,1120,Manikonda,2019-2020
3800000,1080,Qutub Shahi Tombs,2019-2020
4000000,950,Toli Chowki,2019-2020
13500000,2700,Manikonda,2019-2020
10000000,1755,Narsingi,2019-2020
10000000,1755,Narsingi,2019-2020
6200000,1216,Puppalaguda,2019-2020
7000000,1210,Nallagandla Gachibowli,2019-2020
7900000,1525,Kondapur,2019-2020
6700000,1340,Puppalaguda,2019-2020
6200000,1216,Puppalaguda,2019-2020
8452000,1725,Chandanagar,2019-2020
20000000,2070,Banjara Hills,2019-2020
30200000,3025,Banjara Hills,2019-2020
12500000,1670,Jubilee Hills,2019-2020
8200000,1150,East Marredpally,2019-2020
6900000,1150,Kondapur,2019-2020
9026000,1600,Narsingi,2019-2020
18200000,2786,Narsingi,2019-2020
8500000,1525,Kondapur,2019-2020
6531000,1555,Gajularamaram,2019-2020
8095000,1315,Kondapur,2019-2020
14000000,2050,Kondapur,2019-2020
10200000,1675,Kukatpally,2019-2020
10000000,1725,Gandipet,2019-2020
10700000,1770,Kondapur,2019-2020
24000000,3200,Jubilee Hills,2019-2020
22000000,1900,Jubilee Hills,2019-2020
21400000,1880,Kondapur,2019-2020
16000000,2050,Kondapur,2019-2020
36500000,3600,Nanakramguda,2019-2020
15000000,2665,Gandipet,2019-2020
8500000,1216,Kukatpally,2019-2020
28000000,3031,Banjara Hills,2019-2020
15500000,2220,Kokapet,2019-2020
32500000,3448,Gachibowli,2019-2020
20700000,3015,Madhapur,2019-2020
10500000,1430,Gachibowli,2019-2020
28000000,2007,Abids,2019-2020
10300000,1695,Kukatpally,2019-2020
11000000,1815,Kondapur,2019-2020
9991000,1630,Kondapur,2019-2020
8014000,1620,Chandanagar,2019-2020
4000000,1200,Kistareddypet,2019-2020
12500000,1650,West Marredpally,2019-2020
8925000,1550,Kukatpally,2019-2020
9296000,1535,Kondapur,2019-2020
7598999,1165,Kondapur,2019-2020
8500000,1400,Malkajgiri,2019-2020
20000000,2600,Somajiguda,2019-2020
5250000,1100,Miyapur,2019-2020
4000000,1010,Malkajgiri,2019-2020
7500000,1195,Kondapur,2019-2020
5253000,970,Kukatpally,2019-2020
5800000,1050,Kompally,2019-2020
5085000,1130,Alwal,2019-2020
12000000,2300,Bolarum,2019-2020
3500000,1015,Alwal,2019-2020
25500000,2960,Shaikpet,2019-2020
6500000,1190,Mallapur,2019-2020
6000000,1190,Mallapur,2019-2020
6700000,1340,Puppalaguda,2019-2020
16000000,1875,Shaikpet,2019-2020
23000000,1900,Jubilee Hills,2019-2020
19500000,1920,West Marredpally,2019-2020
5320000,1330,Alwal,2019-2020
19500000,2350,Hitech City,2019-2020
4800000,1120,Pragathi Nagar Kukatpally,2019-2020
13000000,1924,Madhapur,2019-2020
10200000,1575,Sri Nagar Colony,2019-2020
19500000,2350,Hitech City,2019-2020
20000000,3000,Dilsukh Nagar,2019-2020
5900000,1350,Quthbullapur,2019-2020
8500000,1580,Puppalaguda,2019-2020
6000000,1200,Malkajgiri,2019-2020
4710000,1050,Gajularamaram,2019-2020
7317000,1090,Kukatpally,2019-2020
11399999,1730,Kukatpally,2019-2020
9449000,1535,Kondapur,2019-2020
11299999,1700,Kukatpally,2019-2020
4000000,1050,Alwal,2019-2020
5450000,1300,Alwal,2019-2020
